chr,ref_allele,var_allele,pos_in_hg38,optional_id,CHIP_driver_or_control
chr1,C,T,116535965,CD58_G210S,CHIP_driver
chr1,T,C,1815790,GNB1_K57E,CHIP_driver
chr1,T,A,1815789,GNB1_K57M,CHIP_driver
chr1,C,A,1815788,GNB1_K57N,CHIP_driver
chr1,G,T,43349338,MPL_W515L,CHIP_driver
chr1,C,A,119925354,NOTCH2_E1488*,CHIP_driver
chr1,C,T,120069377,NOTCH2_W10*,CHIP_driver
chr1,C,A,114713906,NRAS_E62*,CHIP_driver
chr1,C,T,114716126,NRAS_G12D,CHIP_driver
chr1,C,A,114716124,NRAS_G13C,CHIP_driver
chr1,C,T,114716123,NRAS_G13D,CHIP_driver
chr1,C,G,114716124,NRAS_G13R,CHIP_driver
chr1,C,T,114713911,NRAS_G60E,CHIP_driver
chr1,T,G,114713907,NRAS_Q61H,CHIP_driver
chr1,G,T,114713909,NRAS_Q61K,CHIP_driver
chr1,T,A,114713908,NRAS_Q61L,CHIP_driver
chr1,T,C,114713908,NRAS_Q61R,CHIP_driver
chr1,G,C,2558342,TNFRSF14_c.e3G1,CHIP_driver
chr10,C,T,110583949,SMC3_R360*,CHIP_driver
chr10,G,A,68682888,TET1_R1656H,CHIP_driver
chr11,T,C,119278211,CBL_C381R,CHIP_driver
chr11,G,C,119278212,CBL_C381S,CHIP_driver
chr11,G,A,119278212,CBL_C381Y,CHIP_driver
chr11,G,A,119278221,CBL_C384Y,CHIP_driver
chr11,G,A,119278257,CBL_C396Y,CHIP_driver
chr11,G,A,119278281,CBL_C404Y,CHIP_driver
chr11,G,C,119278538,CBL_C419S,CHIP_driver
chr11,T,A,119278534,CBL_F418I,CHIP_driver
chr11,C,G,119278536,CBL_F418L,CHIP_driver
chr11,G,A,119278525,CBL_G415S,CHIP_driver
chr11,G,T,119278526,CBL_G415V,CHIP_driver
chr11,C,A,119278264,CBL_H398Q,CHIP_driver
chr11,A,G,119278219,CBL_I383M,CHIP_driver
chr11,A,G,119278214,CBL_K382E,CHIP_driver
chr11,C,A,119278254,CBL_P395H,CHIP_driver
chr11,G,A,119278541,CBL_R420Q,CHIP_driver
chr11,T,C,119278196,CBL_S376P,CHIP_driver
chr11,C,T,119278200,CBL_T377I,CHIP_driver
chr11,C,G,64769339,SF1_c.e7G1,CHIP_driver
chr12,T,C,111310557,CUX2_L592P,CHIP_driver
chr12,C,A,6537685,GAPDH_A209A,negative_control
chr12,C,T,6537754,GAPDH_A232A,negative_control
chr12,C,T,6537817,GAPDH_A253A,negative_control
chr12,C,T,6537363,GAPDH_D166D,negative_control
chr12,T,C,6537625,GAPDH_D189D,negative_control
chr12,T,C,6536542,GAPDH_G26G,negative_control
chr12,G,A,6534847,GAPDH_K5K,negative_control
chr12,C,T,6537330,GAPDH_N155N,negative_control
chr12,C,T,6536587,GAPDH_N41N,negative_control
chr12,C,G,6536572,GAPDH_P36P,negative_control
chr12,G,C,6537378,GAPDH_V171V,negative_control
chr12,G,A,25225627,KRAS_A146V,CHIP_driver
chr12,C,G,25245350,KRAS_G12A,CHIP_driver
chr12,C,A,25245351,KRAS_G12C,CHIP_driver
chr12,C,T,25245350,KRAS_G12D,CHIP_driver
chr12,C,A,25245350,KRAS_G12V,CHIP_driver
chr12,C,T,25245347,KRAS_G13D,CHIP_driver
chr12,T,G,25225713,KRAS_K117N,CHIP_driver
chr12,T,G,25227341,KRAS_Q61H,CHIP_driver
chr12,T,G,25227342,KRAS_Q61P,CHIP_driver
chr12,G,A,49040518,MLL2_Q2418*,CHIP_driver
chr12,C,T,49634067,PRPF40B_Q241*,CHIP_driver
chr12,A,C,112450386,PTPN11_E69A,CHIP_driver
chr12,G,C,112450385,PTPN11_E69Q,CHIP_driver
chr12,G,T,112450375,PTPN11_L65L,CHIP_driver
chr12,A,G,112450397,PTPN11_T73A,CHIP_driver
chr12,A,G,112450368,PTPN11_Y63C,CHIP_driver
chr13,C,A,28018505,FLT3_D835Y,CHIP_driver
chr13,A,G,28034144,FLT3_V592A,CHIP_driver
chr14,C,T,99175050,BCL11B_G596S,CHIP_driver
chr14,A,G,31107205,HECTD1_S2223P,CHIP_driver
chr15,C,T,90088702,IDH2_R140Q,CHIP_driver
chr15,C,T,90088606,IDH2_R172K,CHIP_driver
chr16,G,A,3793446,CREBBP_R386*,CHIP_driver
chr17,T,G,63929438,CD79B_Y196S,CHIP_driver
chr17,G,G,7314370,GPS2_Q80*,CHIP_driver
chr17,G,T,76736877,SFRS2_P95H,CHIP_driver
chr17,G,A,76736877,SFRS2_P95L,CHIP_driver
chr17,G,C,76736877,SFRS2_P95R,CHIP_driver
chr17,G,T,76736878,SFRS2_P95T,CHIP_driver
chr17,A,G,76737031,SFRS2_Y44H,CHIP_driver
chr17,G,T,76736877,SRSF2_P95H,CHIP_driver
chr17,G,A,76736877,SRSF2_P95L,CHIP_driver
chr17,C,A,42322402,STAT3_D661Y,CHIP_driver
chr17,C,G,42323040,STAT3_G618R,CHIP_driver
chr17,C,T,7673779,TP53_D281N,CHIP_driver
chr17,A,C,7676032,TP53_F113V,CHIP_driver
chr17,C,A,7674230,TP53_G245C,CHIP_driver
chr17,T,C,7674953,TP53_H193R,CHIP_driver
chr17,T,C,7675218,TP53_K132E,CHIP_driver
chr17,A,T,7676028,TP53_L114*,CHIP_driver
chr17,C,T,7674252,TP53_M237I,CHIP_driver
chr17,A,T,7674253,TP53_M237K,CHIP_driver
chr17,T,C,7674260,TP53_N235D,CHIP_driver
chr17,G,A,7675157,TP53_P152L,CHIP_driver
chr17,G,C,7675082,TP53_P177R,CHIP_driver
chr17,G,A,7676041,TP53_R110C,CHIP_driver
chr17,C,A,7676040,TP53_R110L,CHIP_driver
chr17,C,T,7675145,TP53_R156H,CHIP_driver
chr17,C,T,7675139,TP53_R158H,CHIP_driver
chr17,C,T,7675088,TP53_R175H,CHIP_driver
chr17,G,A,7675071,TP53_R181C,CHIP_driver
chr17,G,A,7674894,TP53_R213*,CHIP_driver
chr17,C,T,7674220,TP53_R248Q,CHIP_driver
chr17,T,C,7673782,TP53_R280G,CHIP_driver
chr17,G,A,7673776,TP53_R282W,CHIP_driver
chr17,C,T,7673772,TP53_R283H,CHIP_driver
chr17,G,A,7670685,TP53_R342*,CHIP_driver
chr17,G,C,7674241,TP53_S241C,CHIP_driver
chr17,A,T,7675094,TP53_V173E,CHIP_driver
chr17,C,T,7674885,TP53_V216M,CHIP_driver
chr17,C,T,7675174,TP53_W146*,CHIP_driver
chr17,C,T,7675175,TP53_W146*,CHIP_driver
chr17,T,C,7674872,TP53_Y220C,CHIP_driver
chr17,A,G,7674873,TP53_Y220H,CHIP_driver
chr18,C,T,51078305,SMAD4_C499C,CHIP_driver
chr19,G,A,54143151,CNOT3_E20K,CHIP_driver
chr19,C,T,17838299,JAK3_M511I,CHIP_driver
chr19,C,G,1440428,RPS15_A135G,CHIP_driver
chr2,C,T,201285178,CASP8_Q389*,CHIP_driver
chr2,T,G,25240299,DNMT3A_?,CHIP_driver
chr2,A,G,25235705,DNMT3A_?,CHIP_driver
chr2,C,T,25235706,DNMT3A_?,CHIP_driver
chr2,G,A,25241658,DNMT3A_A662A,negative_control
chr2,C,T,25234368,DNMT3A_A884T,CHIP_driver
chr2,G,A,25234367,DNMT3A_A884V,CHIP_driver
chr2,C,T,25246619,DNMT3A_c.e10+1,CHIP_driver
chr2,C,G,25246777,DNMT3A_c.e10G1,CHIP_driver
chr2,T,C,25246778,DNMT3A_c.e10G1,CHIP_driver
chr2,C,T,25246065,DNMT3A_c.e12G1,CHIP_driver
chr2,T,G,25246066,DNMT3A_c.e12G1,CHIP_driver
chr2,C,T,25246159,DNMT3A_c.e12G1,CHIP_driver
chr2,C,T,25245252,DNMT3A_c.e13+1,CHIP_driver
chr2,C,G,25245333,DNMT3A_c.e13G1,CHIP_driver
chr2,A,C,25246018,DNMT3A_c.e13G1,CHIP_driver
chr2,A,C,25244538,DNMT3A_c.e14+1,CHIP_driver
chr2,C,A,25244539,DNMT3A_c.e14+1,CHIP_driver
chr2,C,G,25244539,DNMT3A_c.e14+1,CHIP_driver
chr2,C,G,25244653,DNMT3A_c.e14G1,CHIP_driver
chr2,T,C,25244654,DNMT3A_c.e14G1,CHIP_driver
chr2,A,G,25244153,DNMT3A_c.e15+1,CHIP_driver
chr2,C,T,25244154,DNMT3A_c.e15+1,CHIP_driver
chr2,A,C,25241560,DNMT3A_c.e17+1,CHIP_driver
chr2,C,T,25241561,DNMT3A_c.e17+1,CHIP_driver
chr2,T,C,25240732,DNMT3A_c.e18G1,CHIP_driver
chr2,C,T,25240302,DNMT3A_c.e19+1,CHIP_driver
chr2,C,T,25240451,DNMT3A_c.e19G1,CHIP_driver
chr2,C,T,25240639,DNMT3A_c.e19G1,CHIP_driver
chr2,C,T,25240640,DNMT3A_c.e19G1,CHIP_driver
chr2,C,T,25236935,DNMT3A_c.e21+1,CHIP_driver
chr2,C,T,25235826,DNMT3A_c.e22G1,CHIP_driver
chr2,T,C,25235827,DNMT3A_c.e22G1,CHIP_driver
chr2,G,A,25300140,DNMT3A_c.e3+1,CHIP_driver
chr2,A,C,25248035,DNMT3A_c.e7+1,CHIP_driver
chr2,C,T,25248036,DNMT3A_c.e7+1,CHIP_driver
chr2,C,A,25248036,DNMT3A_c.e7+1,CHIP_driver
chr2,C,T,25247050,DNMT3A_c.e9+1,CHIP_driver
chr2,C,T,25245317,DNMT3A_C497Y,CHIP_driver
chr2,G,T,25244596,DNMT3A_C537*,CHIP_driver
chr2,A,T,25240685,DNMT3A_C710S,CHIP_driver
chr2,G,T,25235721,DNMT3A_C861*,CHIP_driver
chr2,G,A,25313919,DNMT3A_D22D,negative_control
chr2,T,A,25241587,DNMT3A_D686V,CHIP_driver
chr2,C,A,25241588,DNMT3A_D686Y,CHIP_driver
chr2,C,T,25240709,DNMT3A_D702N,CHIP_driver
chr2,C,A,25240709,DNMT3A_D702Y,CHIP_driver
chr2,T,C,25240330,DNMT3A_D765G,CHIP_driver
chr2,G,T,25240320,DNMT3A_D768E,CHIP_driver
chr2,T,G,25235734,DNMT3A_D857A,CHIP_driver
chr2,C,A,25248171,DNMT3A_E241*,CHIP_driver
chr2,C,A,25247725,DNMT3A_E294*,CHIP_driver
chr2,C,T,25246182,DNMT3A_E469E,negative_control
chr2,C,A,25246172,DNMT3A_E473*,CHIP_driver
chr2,C,A,25246050,DNMT3A_E482*,CHIP_driver
chr2,C,A,25240304,DNMT3A_E774*,CHIP_driver
chr2,C,G,25240302,DNMT3A_E774D,CHIP_driver
chr2,C,T,25240302,DNMT3A_E774E,CHIP_driver
chr2,C,T,25240304,DNMT3A_E774K,CHIP_driver
chr2,T,C,25235716,DNMT3A_E863G,CHIP_driver
chr2,A,C,25246658,DNMT3A_F414C,CHIP_driver
chr2,G,T,25240431,DNMT3A_F731L,CHIP_driver
chr2,A,G,25240430,DNMT3A_F732L,CHIP_driver
chr2,A,G,25240429,DNMT3A_F732S,CHIP_driver
chr2,A,C,25240423,DNMT3A_F734C,CHIP_driver
chr2,G,C,25240422,DNMT3A_F734L,CHIP_driver
chr2,G,T,25240422,DNMT3A_F734L,CHIP_driver
chr2,G,C,25240371,DNMT3A_F751L,CHIP_driver
chr2,A,T,25240370,DNMT3A_F752I,CHIP_driver
chr2,G,C,25240368,DNMT3A_F752L,CHIP_driver
chr2,A,C,25240370,DNMT3A_F752V,CHIP_driver
chr2,A,T,25240361,DNMT3A_F755I,CHIP_driver
chr2,A,C,25240359,DNMT3A_F755L,CHIP_driver
chr2,A,G,25240360,DNMT3A_F755S,CHIP_driver
chr2,A,C,25240309,DNMT3A_F772C,CHIP_driver
chr2,A,C,25240310,DNMT3A_F772V,CHIP_driver
chr2,C,A,25282421,DNMT3A_G156G,negative_control
chr2,C,A,25247611,DNMT3A_G332*,CHIP_driver
chr2,C,T,25247610,DNMT3A_G332E,CHIP_driver
chr2,C,A,25245276,DNMT3A_G511*,CHIP_driver
chr2,C,G,25244579,DNMT3A_G543A,CHIP_driver
chr2,C,A,25244580,DNMT3A_G543C,CHIP_driver
chr2,C,T,25244580,DNMT3A_G543S,CHIP_driver
chr2,C,T,25244559,DNMT3A_G550R,CHIP_driver
chr2,C,G,25241590,DNMT3A_G685A,CHIP_driver
chr2,C,T,25241590,DNMT3A_G685E,CHIP_driver
chr2,C,T,25241589,DNMT3A_G685G,negative_control
chr2,C,T,25241591,DNMT3A_G685R,CHIP_driver
chr2,C,T,25240717,DNMT3A_G699D,CHIP_driver
chr2,C,T,25240718,DNMT3A_G699S,CHIP_driver
chr2,C,A,25239151,DNMT3A_G796V,CHIP_driver
chr2,C,A,25234412,DNMT3A_G869V,CHIP_driver
chr2,C,T,25234349,DNMT3A_G890D,CHIP_driver
chr2,A,G,25240699,DNMT3A_I705T,CHIP_driver
chr2,T,G,25240319,DNMT3A_I769L,CHIP_driver
chr2,G,C,25240317,DNMT3A_I769M,CHIP_driver
chr2,A,C,25240318,DNMT3A_I769S,CHIP_driver
chr2,T,A,25246214,DNMT3A_K459*,CHIP_driver
chr2,T,A,25246038,DNMT3A_K486*,CHIP_driver
chr2,T,A,25240328,DNMT3A_K766*,CHIP_driver
chr2,C,A,25240326,DNMT3A_K766N,CHIP_driver
chr2,G,A,25275016,DNMT3A_L188L,negative_control
chr2,C,T,25247054,DNMT3A_L373L,negative_control
chr2,G,A,25244568,DNMT3A_L547F,CHIP_driver
chr2,A,T,25244567,DNMT3A_L547H,CHIP_driver
chr2,A,C,25244567,DNMT3A_L547R,CHIP_driver
chr2,C,A,25241685,DNMT3A_L653F,CHIP_driver
chr2,G,A,25240415,DNMT3A_L737F,CHIP_driver
chr2,A,T,25240414,DNMT3A_L737H,CHIP_driver
chr2,A,G,25240414,DNMT3A_L737P,CHIP_driver
chr2,A,C,25240414,DNMT3A_L737R,CHIP_driver
chr2,A,T,25240363,DNMT3A_L754H,CHIP_driver
chr2,A,C,25240306,DNMT3A_L773R,CHIP_driver
chr2,A,C,25235728,DNMT3A_L859*,CHIP_driver
chr2,A,G,25234355,DNMT3A_L888P,CHIP_driver
chr2,G,C,25234353,DNMT3A_L889V,CHIP_driver
chr2,A,T,25234316,DNMT3A_L901H,CHIP_driver
chr2,T,C,25240343,DNMT3A_M761V,CHIP_driver
chr2,A,C,25235713,DNMT3A_M864R,CHIP_driver
chr2,C,A,25234378,DNMT3A_M880I,CHIP_driver
chr2,T,C,25234380,DNMT3A_M880V,CHIP_driver
chr2,T,A,25240663,DNMT3A_N717I,CHIP_driver
chr2,G,A,25247686,DNMT3A_P307S,CHIP_driver
chr2,G,T,25300193,DNMT3A_P41P,negative_control
chr2,G,A,25246218,DNMT3A_P457P,negative_control
chr2,G,C,25240714,DNMT3A_P700R,CHIP_driver
chr2,G,A,25240715,DNMT3A_P700S,CHIP_driver
chr2,G,T,25239142,DNMT3A_P799H,CHIP_driver
chr2,G,A,25237003,DNMT3A_P804L,CHIP_driver
chr2,G,A,25234307,DNMT3A_P904L,CHIP_driver
chr2,G,A,25248147,DNMT3A_Q249*,CHIP_driver
chr2,G,A,25247107,DNMT3A_Q356*,CHIP_driver
chr2,G,A,25247053,DNMT3A_Q374*,CHIP_driver
chr2,G,A,25246695,DNMT3A_Q402*,CHIP_driver
chr2,G,A,25244628,DNMT3A_Q527*,CHIP_driver
chr2,T,G,25244627,DNMT3A_Q527P,CHIP_driver
chr2,G,A,25244607,DNMT3A_Q534*,CHIP_driver
chr2,G,A,25244163,DNMT3A_Q615*,CHIP_driver
chr2,G,A,25241678,DNMT3A_Q656*,CHIP_driver
chr2,G,A,25240727,DNMT3A_Q696*,CHIP_driver
chr2,G,A,25234362,DNMT3A_Q886*,CHIP_driver
chr2,C,T,25275019,DNMT3A_R187R,negative_control
chr2,G,A,25247647,DNMT3A_R320*,CHIP_driver
chr2,G,A,25247629,DNMT3A_R326C,CHIP_driver
chr2,G,C,25247629,DNMT3A_R326G,CHIP_driver
chr2,C,T,25247628,DNMT3A_R326H,CHIP_driver
chr2,C,A,25247628,DNMT3A_R326L,CHIP_driver
chr2,G,T,25247629,DNMT3A_R326S,CHIP_driver
chr2,G,C,25247077,DNMT3A_R366G,CHIP_driver
chr2,C,T,25247076,DNMT3A_R366H,CHIP_driver
chr2,G,A,25300202,DNMT3A_R38R,negative_control
chr2,G,T,25244220,DNMT3A_R596R,negative_control
chr2,G,A,25244214,DNMT3A_R598*,CHIP_driver
chr2,C,T,25243929,DNMT3A_R635R,negative_control
chr2,C,T,25241668,DNMT3A_R659H,CHIP_driver
chr2,C,T,25241617,DNMT3A_R676Q,CHIP_driver
chr2,C,T,25240654,DNMT3A_R720H,CHIP_driver
chr2,G,C,25240439,DNMT3A_R729G,CHIP_driver
chr2,C,T,25240438,DNMT3A_R729Q,CHIP_driver
chr2,G,A,25240439,DNMT3A_R729W,CHIP_driver
chr2,G,A,25240418,DNMT3A_R736C,CHIP_driver
chr2,C,T,25240417,DNMT3A_R736H,CHIP_driver
chr2,C,G,25240417,DNMT3A_R736P,CHIP_driver
chr2,C,T,25240378,DNMT3A_R749H,CHIP_driver
chr2,G,A,25240313,DNMT3A_R771*,CHIP_driver
chr2,G,C,25240313,DNMT3A_R771G,CHIP_driver
chr2,C,T,25240312,DNMT3A_R771Q,CHIP_driver
chr2,C,A,25235707,DNMT3A_R866M,CHIP_driver
chr2,G,A,25234374,DNMT3A_R882C,CHIP_driver
chr2,C,T,25234373,DNMT3A_R882H,CHIP_driver
chr2,C,G,25234373,DNMT3A_R882P,CHIP_driver
chr2,C,A,25234363,DNMT3A_R885S,CHIP_driver
chr2,T,A,25234359,DNMT3A_R887*,CHIP_driver
chr2,G,T,25248127,DNMT3A_S255S,negative_control
chr2,G,C,25240672,DNMT3A_S714C,CHIP_driver
chr2,G,T,25240315,DNMT3A_S770*,CHIP_driver
chr2,G,A,25240315,DNMT3A_S770L,CHIP_driver
chr2,A,G,25240316,DNMT3A_S770P,CHIP_driver
chr2,G,C,25240315,DNMT3A_S770W,CHIP_driver
chr2,C,A,25234376,DNMT3A_S881I,CHIP_driver
chr2,G,A,25235719,DNMT3A_T862I,CHIP_driver
chr2,C,A,25247623,DNMT3A_V328F,CHIP_driver
chr2,C,T,25241675,DNMT3A_V657M,CHIP_driver
chr2,G,A,25241574,DNMT3A_V690V,negative_control
chr2,A,C,25240702,DNMT3A_V704G,CHIP_driver
chr2,A,C,25240336,DNMT3A_V763G,CHIP_driver
chr2,C,A,25236987,DNMT3A_V809V,negative_control
chr2,C,T,25247714,DNMT3A_W297*,CHIP_driver
chr2,C,T,25247690,DNMT3A_W305*,CHIP_driver
chr2,C,T,25247691,DNMT3A_W305*,CHIP_driver
chr2,C,T,25247687,DNMT3A_W306*,CHIP_driver
chr2,C,T,25247663,DNMT3A_W314*,CHIP_driver
chr2,C,T,25247624,DNMT3A_W327*,CHIP_driver
chr2,C,T,25247625,DNMT3A_W327*,CHIP_driver
chr2,C,T,25247615,DNMT3A_W330*,CHIP_driver
chr2,C,T,25247616,DNMT3A_W330*,CHIP_driver
chr2,C,T,25246672,DNMT3A_W409*,CHIP_driver
chr2,C,T,25244263,DNMT3A_W581*,CHIP_driver
chr2,A,C,25244265,DNMT3A_W581G,CHIP_driver
chr2,C,T,25244204,DNMT3A_W601*,CHIP_driver
chr2,C,T,25240366,DNMT3A_W753*,CHIP_driver
chr2,C,T,25239153,DNMT3A_W795*,CHIP_driver
chr2,C,T,25235724,DNMT3A_W860*,CHIP_driver
chr2,A,G,25235726,DNMT3A_W860R,CHIP_driver
chr2,G,C,25244623,DNMT3A_Y528*,CHIP_driver
chr2,G,T,25244599,DNMT3A_Y536*,CHIP_driver
chr2,T,C,25241665,DNMT3A_Y660C,CHIP_driver
chr2,G,C,25240419,DNMT3A_Y735*,CHIP_driver
chr2,T,C,25240420,DNMT3A_Y735C,CHIP_driver
chr2,T,G,25240420,DNMT3A_Y735S,CHIP_driver
chr2,G,A,208248389,IDH1_R132C,CHIP_driver
chr2,C,T,208248388,IDH1_R132H,CHIP_driver
chr2,G,A,177233281,NFE2L2_A124V,CHIP_driver
chr2,C,T,197401765,SF3B1_E783K,CHIP_driver
chr2,C,T,197401887,SF3B1_G742D,CHIP_driver
chr2,G,T,197402647,SF3B1_H662Q,CHIP_driver
chr2,T,C,197402637,SF3B1_K666E,CHIP_driver
chr2,C,A,197402635,SF3B1_K666N,CHIP_driver
chr2,C,G,197402635,SF3B1_K666N,CHIP_driver
chr2,T,G,197402637,SF3B1_K666Q,CHIP_driver
chr2,T,C,197402636,SF3B1_K666R,CHIP_driver
chr2,T,C,197402110,SF3B1_K700E,CHIP_driver
chr2,G,A,197408078,SF3B1_R387W,CHIP_driver
chr2,G,A,197402760,SF3B1_R625C,CHIP_driver
chr20,G,A,50892557,ADNP_Y719Y,CHIP_driver
chr20,C,A,32434494,ASXL1_C594*,CHIP_driver
chr20,G,T,32433735,ASXL1_E513*,CHIP_driver
chr20,G,T,32433750,ASXL1_E518*,CHIP_driver
chr20,G,T,32435551,ASXL1_E947*,CHIP_driver
chr20,T,G,32435180,ASXL1_L823*,CHIP_driver
chr20,C,T,32435899,ASXL1_Q1063*,CHIP_driver
chr20,C,T,32433480,ASXL1_Q428*,CHIP_driver
chr20,C,T,32433492,ASXL1_Q432*,CHIP_driver
chr20,C,T,32433732,ASXL1_Q512*,CHIP_driver
chr20,C,T,32433747,ASXL1_Q517*,CHIP_driver
chr20,C,T,32433783,ASXL1_Q529*,CHIP_driver
chr20,C,T,32433834,ASXL1_Q546*,CHIP_driver
chr20,C,T,32434435,ASXL1_Q575*,CHIP_driver
chr20,C,T,32434474,ASXL1_Q588*,CHIP_driver
chr20,C,T,32434786,ASXL1_Q692*,CHIP_driver
chr20,C,T,32434954,ASXL1_Q748*,CHIP_driver
chr20,C,T,32434981,ASXL1_Q757*,CHIP_driver
chr20,C,T,32434990,ASXL1_Q760*,CHIP_driver
chr20,C,T,32435014,ASXL1_Q768*,CHIP_driver
chr20,C,T,32435050,ASXL1_Q780*,CHIP_driver
chr20,C,T,32435119,ASXL1_Q803*,CHIP_driver
chr20,C,T,32433408,ASXL1_R404*,CHIP_driver
chr20,C,T,32433447,ASXL1_R417*,CHIP_driver
chr20,C,T,32434789,ASXL1_R693*,CHIP_driver
chr20,C,G,32433529,ASXL1_S444*,CHIP_driver
chr20,G,A,32435822,ASXL1_W1037*,CHIP_driver
chr20,G,A,32434460,ASXL1_W583*,CHIP_driver
chr20,C,A,32434485,ASXL1_Y591*,CHIP_driver
chr20,T,C,58909362,GNAS_C843R,CHIP_driver
chr20,T,C,58909372,GNAS_L846P,CHIP_driver
chr20,C,T,58909365,GNAS_R844C,CHIP_driver
chr20,C,G,58909365,GNAS_R844G,CHIP_driver
chr20,G,A,58909366,GNAS_R844H,CHIP_driver
chr20,C,A,58909365,GNAS_R844S,CHIP_driver
chr21,T,C,43107454,U2AF1_D14G,CHIP_driver
chr21,T,G,43094667,U2AF1_Q157P,CHIP_driver
chr21,T,C,43094667,U2AF1_Q157R,CHIP_driver
chr21,C,T,43094670,U2AF1_R156H,CHIP_driver
chr21,G,A,43104346,U2AF1_S34F,CHIP_driver
chr3,T,A,183555362,KLHL6_R98W,CHIP_driver
chr3,T,C,38141150,MYD88_L273P,CHIP_driver
chr3,G,T,179198940,PIK3CA_E39*,CHIP_driver
chr3,G,A,179198938,PIK3CA_R38H,CHIP_driver
chr3,G,A,47116735,SETD2_R1492*,CHIP_driver
chr3,G,A,136359173,STAG1_R971*,CHIP_driver
chr3,G,A,177033096,TBL1XR1_R431*,CHIP_driver
chr3,C,T,10149930,VHL_Q203*,CHIP_driver
chr4,A,T,54733155,KIT_D816V,CHIP_driver
chr4,C,T,54728031,KIT_R634W,CHIP_driver
chr4,T,A,105235955,TET2_A671A,negative_control
chr4,T,C,105235955,TET2_A671A,negative_control
chr4,G,T,105236678,TET2_A912A,negative_control
chr4,G,A,105237352,TET2_c.e3+1,CHIP_driver
chr4,G,A,105237346,TET2_C1135Y,CHIP_driver
chr4,G,A,105237188,TET2_E1082E,negative_control
chr4,A,G,105236291,TET2_E783E,negative_control
chr4,C,T,105269696,TET2_F1377F,negative_control
chr4,T,C,105236342,TET2_H800H,negative_control
chr4,C,T,105236582,TET2_H880H,negative_control
chr4,G,A,105276141,TET2_K1877K,negative_control
chr4,G,A,105234101,TET2_K53K,negative_control
chr4,C,G,105234251,TET2_L103L,negative_control
chr4,C,T,105237276,TET2_L1112L,negative_control
chr4,C,T,105243687,TET2_L1238L,negative_control
chr4,C,T,105276073,TET2_L1855L,negative_control
chr4,T,A,105235537,TET2_L532*,CHIP_driver
chr4,T,C,105275349,TET2_N1613N,negative_control
chr4,A,G,105272869,TET2_P1496P,negative_control
chr4,T,C,105275166,TET2_P1552P,negative_control
chr4,T,C,105275508,TET2_P1666P,negative_control
chr4,C,T,105276192,TET2_P1894P,negative_control
chr4,T,C,105276369,TET2_P1953P,negative_control
chr4,C,G,105235910,TET2_P656P,negative_control
chr4,T,C,105236396,TET2_P818P,negative_control
chr4,C,T,105237030,TET2_Q1030*,CHIP_driver
chr4,C,T,105237003,TET2_Q1042*,CHIP_driver
chr4,G,A,105275169,TET2_Q1553Q,negative_control
chr4,C,T,105234963,TET2_Q341*,CHIP_driver
chr4,C,T,105235089,TET2_Q383*,CHIP_driver
chr4,C,T,105235383,TET2_Q481*,CHIP_driver
chr4,C,T,105235530,TET2_Q530*,CHIP_driver
chr4,C,T,105235584,TET2_Q548*,CHIP_driver
chr4,C,A,105235584,TET2_Q548K,CHIP_driver
chr4,A,G,105235664,TET2_Q574Q,negative_control
chr4,C,T,105236055,TET2_Q705*,CHIP_driver
chr4,C,T,105236142,TET2_Q734*,CHIP_driver
chr4,C,T,105236232,TET2_Q764*,CHIP_driver
chr4,C,T,105236250,TET2_Q770*,CHIP_driver
chr4,C,T,105236214,TET2_Q779*,CHIP_driver
chr4,C,T,105236538,TET2_Q866*,CHIP_driver
chr4,C,T,105236598,TET2_Q886*,CHIP_driver
chr4,A,G,105233903,TET2_Q8Q,negative_control
chr4,C,T,105236667,TET2_Q909*,CHIP_driver
chr4,C,T,105236670,TET2_Q910*,CHIP_driver
chr4,C,T,105236688,TET2_Q916*,CHIP_driver
chr4,C,T,105236688,TET2_Q937*,CHIP_driver
chr4,A,C,105237225,TET2_R1095R,negative_control
chr4,G,A,105235049,TET2_R369R,negative_control
chr4,C,T,105235572,TET2_R544*,CHIP_driver
chr4,C,T,105235590,TET2_R550*,CHIP_driver
chr4,C,A,105235590,TET2_R550R,negative_control
chr4,A,G,105235982,TET2_R680R,negative_control
chr4,G,A,105243713,TET2_S1246S,negative_control
chr4,A,C,105272872,TET2_S1497S,negative_control
chr4,T,C,105234458,TET2_S172S,negative_control
chr4,T,C,105234635,TET2_S231S,negative_control
chr4,C,G,105235147,TET2_S423*,CHIP_driver
chr4,C,G,105235468,TET2_S530*,CHIP_driver
chr4,C,G,105235705,TET2_S588*,CHIP_driver
chr4,C,A,105236149,TET2_S757*,CHIP_driver
chr4,C,G,105241376,TET2_T1149T,negative_control
chr4,C,A,105275310,TET2_T1600T,negative_control
chr4,A,C,105275541,TET2_T1677T,negative_control
chr4,A,G,105275541,TET2_T1677T,negative_control
chr4,A,C,105276159,TET2_T1883T,negative_control
chr4,C,T,105276195,TET2_T1895T,negative_control
chr4,A,T,105234233,TET2_T97T,negative_control
chr4,A,C,105236927,TET2_T995T,negative_control
chr4,G,A,105235633,TET2_W585*,CHIP_driver
chr5,G,T,75426432,COL4A3BP_S260*,CHIP_driver
chr5,G,G,56856708,MAP3K1_W197*,CHIP_driver
chr5,C,C,68293340,PIK3R1_R386*,CHIP_driver
chr5,G,T,251447,SDHA_A591A,negative_control
chr5,G,A,235273,SDHA_E398E,negative_control
chr5,T,C,225906,SDHA_F160F,negative_control
chr5,C,T,225897,SDHA_G157G,negative_control
chr5,C,T,224413,SDHA_G68G,negative_control
chr5,C,G,224428,SDHA_G73G,negative_control
chr5,G,A,224461,SDHA_G84G,negative_control
chr5,C,T,236439,SDHA_H424H,negative_control
chr5,G,A,225903,SDHA_P159P,negative_control
chr5,G,A,236451,SDHA_Q428Q,negative_control
chr5,G,A,251456,SDHA_R594R,negative_control
chr6,T,A,26056104,HIST1H1C_K109*,CHIP_driver
chr6,G,T,137877159,TNFAIP3_E297*,CHIP_driver
chr6,C,T,137874877,TNFAIP3_Q110*,CHIP_driver
chr6,C,T,137875748,TNFAIP3_R183*,CHIP_driver
chr7,G,A,5528573,ACTB_A170A,negative_control
chr7,G,A,5528471,ACTB_A204A,negative_control
chr7,G,C,5529640,ACTB_A6A,negative_control
chr7,C,T,5529637,ACTB_A7A,negative_control
chr7,G,A,5529607,ACTB_C17C,negative_control
chr7,C,T,5528372,ACTB_E237E,negative_control
chr7,C,G,5528579,ACTB_G168G,negative_control
chr7,G,T,5528085,ACTB_G301G,negative_control
chr7,G,C,5527778,ACTB_G366G,negative_control
chr7,G,C,5529335,ACTB_G63G,negative_control
chr7,C,T,5529374,ACTB_K50K,negative_control
chr7,G,C,5528516,ACTB_L189L,negative_control
chr7,G,A,5528093,ACTB_L299L,negative_control
chr7,G,A,5528148,ACTB_N280N,negative_control
chr7,G,A,5528591,ACTB_P164P,negative_control
chr7,G,T,5528336,ACTB_T249T,negative_control
chr7,G,T,5528154,ACTB_T278T,negative_control
chr7,T,C,5528016,ACTB_T324T,negative_control
chr7,G,C,5529257,ACTB_T89T,negative_control
chr7,G,A,5529628,ACTB_V10V,negative_control
chr7,G,A,5528342,ACTB_V247V,negative_control
chr7,G,T,5529296,ACTB_V76V,negative_control
chr7,A,C,140753350,BRAF_F595L,CHIP_driver
chr7,C,T,140781602,BRAF_G469E,CHIP_driver
chr7,T,A,140753332,BRAF_K601N,CHIP_driver
chr7,A,T,140753336,BRAF_V600E,CHIP_driver
chr7,G,A,2937111,CARD11_R423W,CHIP_driver
chr7,G,A,102193841,CUX1_c.e13G1,CHIP_driver
chr7,C,T,101916193,CUX1_Q37*,CHIP_driver
chr7,C,T,102104368,CUX1_R147*,CHIP_driver
chr7,C,T,148809369,EZH2_R679H,CHIP_driver
chr7,C,A,50400498,IKZF1_Y477*,CHIP_driver
chr7,C,T,139402152,LUC7L2_Q91*,CHIP_driver
chr7,C,T,139412555,LUC7L2_R262*,CHIP_driver
chr7,G,A,151490962,RHEB_Y35Y,CHIP_driver
chr8,C,T,132180251,KCNQ3_S228N,CHIP_driver
chr8,G,A,116850764,RAD21_Q492*,CHIP_driver
chr8,C,T,116863210,RAD21_R65Q,CHIP_driver
chr8,G,C,116863237,RAD21_S56*,CHIP_driver
chr9,T,C,5050697,JAK2_D160D,negative_control
chr9,C,T,5065032,JAK2_G402G,negative_control
chr9,C,A,5070031,JAK2_I540I,negative_control
chr9,C,T,5078359,JAK2_I682I,negative_control
chr9,G,A,5123022,JAK2_L1026L,negative_control
chr9,A,G,5069941,JAK2_L510L,negative_control
chr9,T,C,5069132,JAK2_N479N,negative_control
chr9,C,T,5080595,JAK2_N782N,negative_control
chr9,G,A,5050742,JAK2_Q175Q,negative_control
chr9,A,G,5022089,JAK2_Q34Q,negative_control
chr9,G,C,5069953,JAK2_T514T,negative_control
chr9,A,G,5054764,JAK2_V272V,negative_control
chr9,C,A,5069033,JAK2_V446V,negative_control
chr9,G,T,5073770,JAK2_V617F,CHIP_driver
chr9,C,T,5054641,JAK2_Y231Y,negative_control
chr9,C,A,136505548,NOTCH1_E1450*,CHIP_driver
chrX,C,T,130025295,BCORL1_R1332*,CHIP_driver
chrX,C,G,130013647,BCORL1_S292*,CHIP_driver
chrX,G,T,155078703,BRCC3_c.e5+1,CHIP_driver
chrX,A,G,155077237,BRCC3_D88G,CHIP_driver
chrX,C,T,155077215,BRCC3_R81*,CHIP_driver
chrX,C,T,155077239,BRCC3_R89*,CHIP_driver
chrX,G,A,155078660,BRCC3_W120*,CHIP_driver
chrX,C,T,45020680,KDM6A_R172*,CHIP_driver
chrX,G,T,134417250,PHF6_G306*,CHIP_driver
chrX,C,T,53382522,SMC1A_R1090H,CHIP_driver
chrX,T,A,124066211,STAG2_C711*,CHIP_driver
chrX,G,C,15804175,ZRSR2_R126P,CHIP_driver
chrX,C,T,15820262,ZRSR2_R295*,CHIP_driver