chr,pos_in_hg38,ref_allele,var_allele,optional_id
chr7,5527778,G,C,ACTB_G366G
chr7,5528016,T,C,ACTB_T324T
chr7,5528085,G,T,ACTB_G301G
chr7,5528093,G,A,ACTB_L299L
chr7,5528154,G,T,ACTB_T278T
chr7,5528336,G,T,ACTB_T249T
chr7,5528342,G,A,ACTB_V247V
chr7,5528372,C,T,ACTB_E237E
chr7,5528471,G,A,ACTB_A204A
chr7,5528516,G,C,ACTB_L189L
chr7,5528573,G,A,ACTB_A170A
chr7,5528579,C,G,ACTB_G168G
chr7,5528591,G,A,ACTB_P164P
chr7,5529257,G,C,ACTB_T89T
chr7,5529296,G,T,ACTB_V76V
chr7,5529335,G,C,ACTB_G63G
chr7,5529374,C,T,ACTB_K50K
chr7,5529607,G,A,ACTB_C17C
chr7,5529628,G,A,ACTB_V10V
chr7,5529637,C,T,ACTB_A7A
chr7,5529640,G,C,ACTB_A6A
chr7,5528148,G,A,ACTB_N280N
chr2,25236987,C,A,DNMT3A_V809V
chr2,25241574,G,A,DNMT3A_V690V
chr2,25241589,C,T,DNMT3A_G685G
chr2,25241658,G,A,DNMT3A_A662A
chr2,25243929,C,T,DNMT3A_R635R
chr2,25244220,G,T,DNMT3A_R596R
chr2,25246182,C,T,DNMT3A_E469E
chr2,25246218,G,A,DNMT3A_P457P
chr2,25247054,C,T,DNMT3A_L373L
chr2,25248127,G,T,DNMT3A_S255S
chr2,25275016,G,A,DNMT3A_L188L
chr2,25275019,C,T,DNMT3A_R187R
chr2,25282421,C,A,DNMT3A_G156G
chr2,25300193,G,T,DNMT3A_P41P
chr2,25300202,G,A,DNMT3A_R38R
chr2,25313919,G,A,DNMT3A_D22D
chr12,6534847,G,A,GAPDH_K5K
chr12,6536542,T,C,GAPDH_G26G
chr12,6536572,C,G,GAPDH_P36P
chr12,6536587,C,T,GAPDH_N41N
chr12,6537330,C,T,GAPDH_N155N
chr12,6537363,C,T,GAPDH_D166D
chr12,6537378,G,C,GAPDH_V171V
chr12,6537625,T,C,GAPDH_D189D
chr12,6537685,C,A,GAPDH_A209A
chr12,6537754,C,T,GAPDH_A232A
chr12,6537817,C,T,GAPDH_A253A
chr9,5022089,A,G,JAK2_Q34Q
chr9,5050697,T,C,JAK2_D160D
chr9,5050742,G,A,JAK2_Q175Q
chr9,5054641,C,T,JAK2_Y231Y
chr9,5054764,A,G,JAK2_V272V
chr9,5065032,C,T,JAK2_G402G
chr9,5069033,C,A,JAK2_V446V
chr9,5069132,T,C,JAK2_N479N
chr9,5069941,A,G,JAK2_L510L
chr9,5069953,G,C,JAK2_T514T
chr9,5070031,C,A,JAK2_I540I
chr9,5078359,C,T,JAK2_I682I
chr9,5080595,C,T,JAK2_N782N
chr9,5123022,G,A,JAK2_L1026L
chr5,224413,C,T,SDHA_G68G
chr5,224428,C,G,SDHA_G73G
chr5,224461,G,A,SDHA_G84G
chr5,225897,C,T,SDHA_G157G
chr5,225903,G,A,SDHA_P159P
chr5,225906,T,C,SDHA_F160F
chr5,235273,G,A,SDHA_E398E
chr5,236439,C,T,SDHA_H424H
chr5,236451,G,A,SDHA_Q428Q
chr5,251447,G,T,SDHA_A591A
chr5,251456,G,A,SDHA_R594R
chr4,105233903,A,G,TET2_Q8Q
chr4,105234101,G,A,TET2_K53K
chr4,105234233,A,T,TET2_T97T
chr4,105234251,C,G,TET2_L103L
chr4,105234458,T,C,TET2_S172S
chr4,105234635,T,C,TET2_S231S
chr4,105235049,G,A,TET2_R369R
chr4,105235590,C,A,TET2_R550R
chr4,105235664,A,G,TET2_Q574Q
chr4,105235910,C,G,TET2_P656P
chr4,105235955,T,A,TET2_A671A
chr4,105235955,T,C,TET2_A671A
chr4,105235982,A,G,TET2_R680R
chr4,105236291,A,G,TET2_E783E
chr4,105236342,T,C,TET2_H800H
chr4,105236396,T,C,TET2_P818P
chr4,105236582,C,T,TET2_H880H
chr4,105236678,G,T,TET2_A912A
chr4,105236927,A,C,TET2_T995T
chr4,105237188,G,A,TET2_E1082E
chr4,105237225,A,C,TET2_R1095R
chr4,105237276,C,T,TET2_L1112L
chr4,105241376,C,G,TET2_T1149T
chr4,105243687,C,T,TET2_L1238L
chr4,105243713,G,A,TET2_S1246S
chr4,105269696,C,T,TET2_F1377F
chr4,105272869,A,G,TET2_P1496P
chr4,105272872,A,C,TET2_S1497S
chr4,105275166,T,C,TET2_P1552P
chr4,105275169,G,A,TET2_Q1553Q
chr4,105275310,C,A,TET2_T1600T
chr4,105275349,T,C,TET2_N1613N
chr4,105275508,T,C,TET2_P1666P
chr4,105275541,A,C,TET2_T1677T
chr4,105275541,A,G,TET2_T1677T
chr4,105276073,C,T,TET2_L1855L
chr4,105276141,G,A,TET2_K1877K
chr4,105276159,A,C,TET2_T1883T
chr4,105276192,C,T,TET2_P1894P
chr4,105276195,C,T,TET2_T1895T
chr4,105276369,T,C,TET2_P1953P